{"cameraMode":{"drawMode":0,"name":"Shaded","section":"Shading Mode"},"sceneLighting":false,"audioPlay":false,"sceneViewState":{"showFog":true,"showMaterialUpdate":false,"showSkybox":true,"showFlares":true,"showImageEffects":true,"showParticleSystems":true},"in2DMode":false,"pivot":{"x":2.384185791015625e-7,"y":0.0,"z":-1.1920928955078126e-7},"rotation":{"x":0.17310002446174622,"y":-0.5329458713531494,"z":0.11242207884788513,"w":0.8205891251564026},"size":18.52120590209961,"orthographic":true}