{"cameraMode":{"drawMode":0,"name":"Shaded","section":"Shading Mode"},"sceneLighting":false,"audioPlay":false,"sceneViewState":{"showFog":true,"showMaterialUpdate":false,"showSkybox":true,"showFlares":true,"showImageEffects":true,"showParticleSystems":true},"in2DMode":false,"pivot":{"x":0.6943842172622681,"y":-12.21658992767334,"z":2.0696816444396974},"rotation":{"x":0.5746464133262634,"y":0.06489390134811402,"z":-0.04578131064772606,"w":0.8145393133163452},"size":24.473697662353517,"orthographic":false}