{"cameraMode":{"drawMode":0,"name":"Shaded","section":"Shading Mode"},"sceneLighting":false,"audioPlay":false,"sceneViewState":{"showFog":true,"showMaterialUpdate":false,"showSkybox":true,"showFlares":true,"showImageEffects":true,"showParticleSystems":true},"in2DMode":false,"pivot":{"x":-0.40746110677719118,"y":-5.114322185516357,"z":3.644592761993408},"rotation":{"x":0.49268242716789248,"y":-0.024794939905405046,"z":0.014044705778360367,"w":0.8697425723075867},"size":11.115692138671875,"orthographic":false}