{"cameraMode":{"drawMode":0,"name":"Shaded","section":"Shading Mode"},"sceneLighting":false,"audioPlay":false,"sceneViewState":{"showFog":true,"showMaterialUpdate":false,"showSkybox":true,"showFlares":true,"showImageEffects":true,"showParticleSystems":true},"in2DMode":false,"pivot":{"x":2.6148681640625,"y":42.318359375,"z":-17.30810546875},"rotation":{"x":0.535955548286438,"y":-0.055125173181295398,"z":0.03510088101029396,"w":0.8417130708694458},"size":5.287325382232666,"orthographic":true}